{"lr": 0.00997794446709763, "data_time": 0.13619587421417237, "loss": 0.08018264770507813, "decode.loss_ce": 0.053965986147522925, "decode.acc_seg": 99.30262756347656, "aux.loss_ce": 0.026216661278158426, "aux.acc_seg": 99.30262756347656, "time": 0.37715156078338624, "step": 100}
{"lr": 0.009955660594668054, "data_time": 0.12196612358093262, "loss": 0.04473626343533397, "decode.loss_ce": 0.02927409210242331, "decode.acc_seg": 99.0976333618164, "aux.loss_ce": 0.015462171309627593, "aux.acc_seg": 99.55393981933594, "time": 0.36408028602600095, "step": 200}
{"lr": 0.009933371122565919, "data_time": 0.13129220008850098, "loss": 0.030873977486044167, "decode.loss_ce": 0.019609495904296635, "decode.acc_seg": 98.78925323486328, "aux.loss_ce": 0.011264481442049145, "aux.acc_seg": 99.10919189453125, "time": 0.37401108741760253, "step": 300}
{"lr": 0.009911076035273796, "data_time": 0.14367988109588622, "loss": 0.02951682358980179, "decode.loss_ce": 0.020066224969923496, "decode.acc_seg": 99.78886413574219, "aux.loss_ce": 0.009450598433613778, "aux.acc_seg": 99.8007583618164, "time": 0.3866214036941528, "step": 400}
